package	version	declared_license	source
aho-corasick	1.1.4	Unlicense OR MIT	registry+https://github.com/rust-lang/crates.io-index
allocator-api2	0.2.21	MIT OR Apache-2.0	registry+https://github.com/rust-lang/crates.io-index
android_system_properties	0.1.5	MIT/Apache-2.0	registry+https://github.com/rust-lang/crates.io-index
anyhow	1.0.102	MIT OR Apache-2.0	registry+https://github.com/rust-lang/crates.io-index
arc-swap	1.9.1	MIT OR Apache-2.0	registry+https://github.com/rust-lang/crates.io-index
archery	1.2.2	MIT	registry+https://github.com/rust-lang/crates.io-index
async-trait	0.1.89	MIT OR Apache-2.0	registry+https://github.com/rust-lang/crates.io-index
atoi	2.0.0	MIT	registry+https://github.com/rust-lang/crates.io-index
autocfg	1.5.0	Apache-2.0 OR MIT	registry+https://github.com/rust-lang/crates.io-index
aws-lc-rs	1.17.0	ISC AND (Apache-2.0 OR ISC)	registry+https://github.com/rust-lang/crates.io-index
aws-lc-sys	0.41.0	ISC AND (Apache-2.0 OR ISC) AND Apache-2.0 AND MIT AND BSD-3-Clause AND (Apache-2.0 OR ISC OR MIT) AND (Apache-2.0 OR ISC OR MIT-0)	registry+https://github.com/rust-lang/crates.io-index
base64	0.22.1	MIT OR Apache-2.0	registry+https://github.com/rust-lang/crates.io-index
base64ct	1.8.3	Apache-2.0 OR MIT	registry+https://github.com/rust-lang/crates.io-index
bigdecimal	0.4.10	MIT/Apache-2.0	registry+https://github.com/rust-lang/crates.io-index
bindgen	0.66.1	BSD-3-Clause	registry+https://github.com/rust-lang/crates.io-index
bitflags	2.11.1	MIT OR Apache-2.0	registry+https://github.com/rust-lang/crates.io-index
block-buffer	0.10.4	MIT OR Apache-2.0	registry+https://github.com/rust-lang/crates.io-index
block-buffer	0.12.0	MIT OR Apache-2.0	registry+https://github.com/rust-lang/crates.io-index
bumpalo	3.20.2	MIT OR Apache-2.0	registry+https://github.com/rust-lang/crates.io-index
bytemuck	1.25.0	Zlib OR Apache-2.0 OR MIT	registry+https://github.com/rust-lang/crates.io-index
byteorder	1.5.0	Unlicense OR MIT	registry+https://github.com/rust-lang/crates.io-index
bytes	1.11.1	MIT	registry+https://github.com/rust-lang/crates.io-index
cc	1.2.63	MIT OR Apache-2.0	registry+https://github.com/rust-lang/crates.io-index
cexpr	0.6.0	Apache-2.0/MIT	registry+https://github.com/rust-lang/crates.io-index
cfg-if	1.0.4	MIT OR Apache-2.0	registry+https://github.com/rust-lang/crates.io-index
chacha20	0.10.2	MIT OR Apache-2.0	registry+https://github.com/rust-lang/crates.io-index
chrono	0.4.45	MIT OR Apache-2.0	registry+https://github.com/rust-lang/crates.io-index
clang-sys	1.8.1	Apache-2.0	registry+https://github.com/rust-lang/crates.io-index
cmake	0.1.58	MIT OR Apache-2.0	registry+https://github.com/rust-lang/crates.io-index
cmov	0.5.3	Apache-2.0 OR MIT	registry+https://github.com/rust-lang/crates.io-index
concurrent-queue	2.5.0	Apache-2.0 OR MIT	registry+https://github.com/rust-lang/crates.io-index
const-oid	0.10.2	Apache-2.0 OR MIT	registry+https://github.com/rust-lang/crates.io-index
const-oid	0.9.6	Apache-2.0 OR MIT	registry+https://github.com/rust-lang/crates.io-index
core-foundation-sys	0.8.7	MIT OR Apache-2.0	registry+https://github.com/rust-lang/crates.io-index
cpufeatures	0.2.17	MIT OR Apache-2.0	registry+https://github.com/rust-lang/crates.io-index
cpufeatures	0.3.0	MIT OR Apache-2.0	registry+https://github.com/rust-lang/crates.io-index
crc	3.4.0	MIT OR Apache-2.0	registry+https://github.com/rust-lang/crates.io-index
crc-catalog	2.5.0	MIT OR Apache-2.0	registry+https://github.com/rust-lang/crates.io-index
crc32c	0.6.8	Apache-2.0/MIT	registry+https://github.com/rust-lang/crates.io-index
crossbeam-queue	0.3.12	MIT OR Apache-2.0	registry+https://github.com/rust-lang/crates.io-index
crossbeam-utils	0.8.21	MIT OR Apache-2.0	registry+https://github.com/rust-lang/crates.io-index
crypto-common	0.1.7	MIT OR Apache-2.0	registry+https://github.com/rust-lang/crates.io-index
crypto-common	0.2.1	MIT OR Apache-2.0	registry+https://github.com/rust-lang/crates.io-index
ctutils	0.4.2	Apache-2.0 OR MIT	registry+https://github.com/rust-lang/crates.io-index
der	0.7.10	Apache-2.0 OR MIT	registry+https://github.com/rust-lang/crates.io-index
digest	0.10.7	MIT OR Apache-2.0	registry+https://github.com/rust-lang/crates.io-index
digest	0.11.3	MIT OR Apache-2.0	registry+https://github.com/rust-lang/crates.io-index
displaydoc	0.2.5	MIT OR Apache-2.0	registry+https://github.com/rust-lang/crates.io-index
dotenvy	0.15.7	MIT	registry+https://github.com/rust-lang/crates.io-index
dunce	1.0.5	CC0-1.0 OR MIT-0 OR Apache-2.0	registry+https://github.com/rust-lang/crates.io-index
either	1.15.0	MIT OR Apache-2.0	registry+https://github.com/rust-lang/crates.io-index
equivalent	1.0.2	Apache-2.0 OR MIT	registry+https://github.com/rust-lang/crates.io-index
errno	0.3.14	MIT OR Apache-2.0	registry+https://github.com/rust-lang/crates.io-index
etcetera	0.8.0	MIT OR Apache-2.0	registry+https://github.com/rust-lang/crates.io-index
event-listener	5.4.1	Apache-2.0 OR MIT	registry+https://github.com/rust-lang/crates.io-index
fallible-iterator	0.2.0	MIT/Apache-2.0	registry+https://github.com/rust-lang/crates.io-index
fastrand	2.4.1	Apache-2.0 OR MIT	registry+https://github.com/rust-lang/crates.io-index
find-msvc-tools	0.1.9	MIT OR Apache-2.0	registry+https://github.com/rust-lang/crates.io-index
fixedbitset	0.5.7	MIT OR Apache-2.0	registry+https://github.com/rust-lang/crates.io-index
flume	0.11.1	Apache-2.0/MIT	registry+https://github.com/rust-lang/crates.io-index
foldhash	0.1.5	Zlib	registry+https://github.com/rust-lang/crates.io-index
form_urlencoded	1.2.2	MIT OR Apache-2.0	registry+https://github.com/rust-lang/crates.io-index
fs_extra	1.3.0	MIT	registry+https://github.com/rust-lang/crates.io-index
futures-channel	0.3.32	MIT OR Apache-2.0	registry+https://github.com/rust-lang/crates.io-index
futures-core	0.3.32	MIT OR Apache-2.0	registry+https://github.com/rust-lang/crates.io-index
futures-executor	0.3.32	MIT OR Apache-2.0	registry+https://github.com/rust-lang/crates.io-index
futures-intrusive	0.5.0	MIT OR Apache-2.0	registry+https://github.com/rust-lang/crates.io-index
futures-io	0.3.32	MIT OR Apache-2.0	registry+https://github.com/rust-lang/crates.io-index
futures-macro	0.3.32	MIT OR Apache-2.0	registry+https://github.com/rust-lang/crates.io-index
futures-sink	0.3.32	MIT OR Apache-2.0	registry+https://github.com/rust-lang/crates.io-index
futures-task	0.3.32	MIT OR Apache-2.0	registry+https://github.com/rust-lang/crates.io-index
futures-util	0.3.32	MIT OR Apache-2.0	registry+https://github.com/rust-lang/crates.io-index
generic-array	0.14.7	MIT	registry+https://github.com/rust-lang/crates.io-index
getrandom	0.2.17	MIT OR Apache-2.0	registry+https://github.com/rust-lang/crates.io-index
getrandom	0.3.4	MIT OR Apache-2.0	registry+https://github.com/rust-lang/crates.io-index
getrandom	0.4.2	MIT OR Apache-2.0	registry+https://github.com/rust-lang/crates.io-index
glob	0.3.3	MIT OR Apache-2.0	registry+https://github.com/rust-lang/crates.io-index
hashbrown	0.15.5	MIT OR Apache-2.0	registry+https://github.com/rust-lang/crates.io-index
hashbrown	0.17.1	MIT OR Apache-2.0	registry+https://github.com/rust-lang/crates.io-index
hashlink	0.10.0	MIT OR Apache-2.0	registry+https://github.com/rust-lang/crates.io-index
heck	0.5.0	MIT OR Apache-2.0	registry+https://github.com/rust-lang/crates.io-index
hex	0.4.3	MIT OR Apache-2.0	registry+https://github.com/rust-lang/crates.io-index
hkdf	0.12.4	MIT OR Apache-2.0	registry+https://github.com/rust-lang/crates.io-index
hmac	0.12.1	MIT OR Apache-2.0	registry+https://github.com/rust-lang/crates.io-index
hmac	0.13.0	MIT OR Apache-2.0	registry+https://github.com/rust-lang/crates.io-index
home	0.5.12	MIT OR Apache-2.0	registry+https://github.com/rust-lang/crates.io-index
hybrid-array	0.4.12	MIT OR Apache-2.0	registry+https://github.com/rust-lang/crates.io-index
iana-time-zone	0.1.65	MIT OR Apache-2.0	registry+https://github.com/rust-lang/crates.io-index
iana-time-zone-haiku	0.1.2	MIT OR Apache-2.0	registry+https://github.com/rust-lang/crates.io-index
icu_collections	2.2.0	Unicode-3.0	registry+https://github.com/rust-lang/crates.io-index
icu_locale_core	2.2.0	Unicode-3.0	registry+https://github.com/rust-lang/crates.io-index
icu_normalizer	2.2.0	Unicode-3.0	registry+https://github.com/rust-lang/crates.io-index
icu_normalizer_data	2.2.0	Unicode-3.0	registry+https://github.com/rust-lang/crates.io-index
icu_properties	2.2.0	Unicode-3.0	registry+https://github.com/rust-lang/crates.io-index
icu_properties_data	2.2.0	Unicode-3.0	registry+https://github.com/rust-lang/crates.io-index
icu_provider	2.2.0	Unicode-3.0	registry+https://github.com/rust-lang/crates.io-index
id-arena	2.3.0	MIT/Apache-2.0	registry+https://github.com/rust-lang/crates.io-index
idna	1.1.0	MIT OR Apache-2.0	registry+https://github.com/rust-lang/crates.io-index
idna_adapter	1.2.2	Apache-2.0 OR MIT	registry+https://github.com/rust-lang/crates.io-index
imbl	7.0.2	MPL-2.0+	registry+https://github.com/rust-lang/crates.io-index
imbl-sized-chunks	0.2.0	MPL-2.0+	registry+https://github.com/rust-lang/crates.io-index
indexmap	2.14.0	Apache-2.0 OR MIT	registry+https://github.com/rust-lang/crates.io-index
io-uring	0.7.13	MIT OR Apache-2.0	registry+https://github.com/rust-lang/crates.io-index
itertools	0.10.5	MIT/Apache-2.0	registry+https://github.com/rust-lang/crates.io-index
itertools	0.14.0	MIT OR Apache-2.0	registry+https://github.com/rust-lang/crates.io-index
itoa	1.0.18	MIT OR Apache-2.0	registry+https://github.com/rust-lang/crates.io-index
jobserver	0.1.34	MIT OR Apache-2.0	registry+https://github.com/rust-lang/crates.io-index
js-sys	0.3.98	MIT OR Apache-2.0	registry+https://github.com/rust-lang/crates.io-index
lazy_static	1.5.0	MIT OR Apache-2.0	registry+https://github.com/rust-lang/crates.io-index
lazycell	1.3.0	MIT/Apache-2.0	registry+https://github.com/rust-lang/crates.io-index
leb128fmt	0.1.0	MIT OR Apache-2.0	registry+https://github.com/rust-lang/crates.io-index
libc	0.2.186	MIT OR Apache-2.0	registry+https://github.com/rust-lang/crates.io-index
libloading	0.8.9	ISC	registry+https://github.com/rust-lang/crates.io-index
libm	0.2.16	MIT	registry+https://github.com/rust-lang/crates.io-index
libredox	0.1.16	MIT	registry+https://github.com/rust-lang/crates.io-index
libsqlite3-sys	0.30.1	MIT	registry+https://github.com/rust-lang/crates.io-index
linux-raw-sys	0.12.1	Apache-2.0 WITH LLVM-exception OR Apache-2.0 OR MIT	registry+https://github.com/rust-lang/crates.io-index
linux-raw-sys	0.4.15	Apache-2.0 WITH LLVM-exception OR Apache-2.0 OR MIT	registry+https://github.com/rust-lang/crates.io-index
litemap	0.8.2	Unicode-3.0	registry+https://github.com/rust-lang/crates.io-index
lock_api	0.4.14	MIT OR Apache-2.0	registry+https://github.com/rust-lang/crates.io-index
log	0.4.29	MIT OR Apache-2.0	registry+https://github.com/rust-lang/crates.io-index
md-5	0.10.6	MIT OR Apache-2.0	registry+https://github.com/rust-lang/crates.io-index
md-5	0.11.0	MIT OR Apache-2.0	registry+https://github.com/rust-lang/crates.io-index
memchr	2.8.0	Unlicense OR MIT	registry+https://github.com/rust-lang/crates.io-index
minimal-lexical	0.2.1	MIT/Apache-2.0	registry+https://github.com/rust-lang/crates.io-index
mio	1.2.0	MIT	registry+https://github.com/rust-lang/crates.io-index
multimap	0.10.1	MIT OR Apache-2.0	registry+https://github.com/rust-lang/crates.io-index
nom	7.1.3	MIT	registry+https://github.com/rust-lang/crates.io-index
num-bigint	0.4.8	MIT OR Apache-2.0	registry+https://github.com/rust-lang/crates.io-index
num-bigint-dig	0.8.6	MIT/Apache-2.0	registry+https://github.com/rust-lang/crates.io-index
num-integer	0.1.46	MIT OR Apache-2.0	registry+https://github.com/rust-lang/crates.io-index
num-iter	0.1.46	MIT OR Apache-2.0	registry+https://github.com/rust-lang/crates.io-index
num-traits	0.2.19	MIT OR Apache-2.0	registry+https://github.com/rust-lang/crates.io-index
objc2-core-foundation	0.3.2	Zlib OR Apache-2.0 OR MIT	registry+https://github.com/rust-lang/crates.io-index
objc2-system-configuration	0.3.2	Zlib OR Apache-2.0 OR MIT	registry+https://github.com/rust-lang/crates.io-index
once_cell	1.21.4	MIT OR Apache-2.0	registry+https://github.com/rust-lang/crates.io-index
parking	2.2.1	Apache-2.0 OR MIT	registry+https://github.com/rust-lang/crates.io-index
parking_lot	0.12.5	MIT OR Apache-2.0	registry+https://github.com/rust-lang/crates.io-index
parking_lot_core	0.9.12	MIT OR Apache-2.0	registry+https://github.com/rust-lang/crates.io-index
pbkdf2	0.12.2	MIT OR Apache-2.0	registry+https://github.com/rust-lang/crates.io-index
peeking_take_while	0.1.2	Apache-2.0/MIT	registry+https://github.com/rust-lang/crates.io-index
pem-rfc7468	0.7.0	Apache-2.0 OR MIT	registry+https://github.com/rust-lang/crates.io-index
percent-encoding	2.3.2	MIT OR Apache-2.0	registry+https://github.com/rust-lang/crates.io-index
petgraph	0.7.1	MIT OR Apache-2.0	registry+https://github.com/rust-lang/crates.io-index
pg_query	6.1.1	MIT	registry+https://github.com/rust-lang/crates.io-index
phf	0.13.1	MIT	registry+https://github.com/rust-lang/crates.io-index
phf_shared	0.13.1	MIT	registry+https://github.com/rust-lang/crates.io-index
pin-project-lite	0.2.17	Apache-2.0 OR MIT	registry+https://github.com/rust-lang/crates.io-index
pkcs1	0.7.5	Apache-2.0 OR MIT	registry+https://github.com/rust-lang/crates.io-index
pkcs8	0.10.2	Apache-2.0 OR MIT	registry+https://github.com/rust-lang/crates.io-index
pkg-config	0.3.33	MIT OR Apache-2.0	registry+https://github.com/rust-lang/crates.io-index
plain	0.2.3	MIT/Apache-2.0	registry+https://github.com/rust-lang/crates.io-index
postgres-protocol	0.6.12	MIT OR Apache-2.0	registry+https://github.com/rust-lang/crates.io-index
postgres-types	0.2.14	MIT OR Apache-2.0	registry+https://github.com/rust-lang/crates.io-index
potential_utf	0.1.5	Unicode-3.0	registry+https://github.com/rust-lang/crates.io-index
ppv-lite86	0.2.21	MIT OR Apache-2.0	registry+https://github.com/rust-lang/crates.io-index
prettyplease	0.2.37	MIT OR Apache-2.0	registry+https://github.com/rust-lang/crates.io-index
proc-macro2	1.0.106	MIT OR Apache-2.0	registry+https://github.com/rust-lang/crates.io-index
prost	0.13.5	Apache-2.0	registry+https://github.com/rust-lang/crates.io-index
prost-build	0.13.5	Apache-2.0	registry+https://github.com/rust-lang/crates.io-index
prost-derive	0.13.5	Apache-2.0	registry+https://github.com/rust-lang/crates.io-index
prost-types	0.13.5	Apache-2.0	registry+https://github.com/rust-lang/crates.io-index
quote	1.0.45	MIT OR Apache-2.0	registry+https://github.com/rust-lang/crates.io-index
r-efi	5.3.0	MIT OR Apache-2.0 OR LGPL-2.1-or-later	registry+https://github.com/rust-lang/crates.io-index
r-efi	6.0.0	MIT OR Apache-2.0 OR LGPL-2.1-or-later	registry+https://github.com/rust-lang/crates.io-index
rand	0.10.1	MIT OR Apache-2.0	registry+https://github.com/rust-lang/crates.io-index
rand	0.8.6	MIT OR Apache-2.0	registry+https://github.com/rust-lang/crates.io-index
rand_chacha	0.3.1	MIT OR Apache-2.0	registry+https://github.com/rust-lang/crates.io-index
rand_core	0.10.1	MIT OR Apache-2.0	registry+https://github.com/rust-lang/crates.io-index
rand_core	0.6.4	MIT OR Apache-2.0	registry+https://github.com/rust-lang/crates.io-index
rand_core	0.9.5	MIT OR Apache-2.0	registry+https://github.com/rust-lang/crates.io-index
rand_xoshiro	0.7.0	MIT OR Apache-2.0	registry+https://github.com/rust-lang/crates.io-index
redox_syscall	0.5.18	MIT	registry+https://github.com/rust-lang/crates.io-index
redox_syscall	0.7.5	MIT	registry+https://github.com/rust-lang/crates.io-index
regex	1.12.4	MIT OR Apache-2.0	registry+https://github.com/rust-lang/crates.io-index
regex-automata	0.4.14	MIT OR Apache-2.0	registry+https://github.com/rust-lang/crates.io-index
regex-syntax	0.8.11	MIT OR Apache-2.0	registry+https://github.com/rust-lang/crates.io-index
ring	0.17.14	Apache-2.0 AND ISC	registry+https://github.com/rust-lang/crates.io-index
rsa	0.9.10	MIT OR Apache-2.0	registry+https://github.com/rust-lang/crates.io-index
rustc-hash	1.1.0	Apache-2.0/MIT	registry+https://github.com/rust-lang/crates.io-index
rustc_version	0.4.1	MIT OR Apache-2.0	registry+https://github.com/rust-lang/crates.io-index
rustix	0.38.44	Apache-2.0 WITH LLVM-exception OR Apache-2.0 OR MIT	registry+https://github.com/rust-lang/crates.io-index
rustix	1.1.4	Apache-2.0 WITH LLVM-exception OR Apache-2.0 OR MIT	registry+https://github.com/rust-lang/crates.io-index
rustls	0.23.40	Apache-2.0 OR ISC OR MIT	registry+https://github.com/rust-lang/crates.io-index
rustls-pki-types	1.14.1	MIT OR Apache-2.0	registry+https://github.com/rust-lang/crates.io-index
rustls-webpki	0.103.13	ISC	registry+https://github.com/rust-lang/crates.io-index
rustversion	1.0.22	MIT OR Apache-2.0	registry+https://github.com/rust-lang/crates.io-index
ryu	1.0.23	Apache-2.0 OR BSL-1.0	registry+https://github.com/rust-lang/crates.io-index
safe_arch	0.7.4	Zlib OR Apache-2.0 OR MIT	registry+https://github.com/rust-lang/crates.io-index
scopeguard	1.2.0	MIT OR Apache-2.0	registry+https://github.com/rust-lang/crates.io-index
semver	1.0.28	MIT OR Apache-2.0	registry+https://github.com/rust-lang/crates.io-index
serde	1.0.228	MIT OR Apache-2.0	registry+https://github.com/rust-lang/crates.io-index
serde_core	1.0.228	MIT OR Apache-2.0	registry+https://github.com/rust-lang/crates.io-index
serde_derive	1.0.228	MIT OR Apache-2.0	registry+https://github.com/rust-lang/crates.io-index
serde_json	1.0.149	MIT OR Apache-2.0	registry+https://github.com/rust-lang/crates.io-index
serde_urlencoded	0.7.1	MIT/Apache-2.0	registry+https://github.com/rust-lang/crates.io-index
sha1	0.10.7	MIT OR Apache-2.0	registry+https://github.com/rust-lang/crates.io-index
sha2	0.10.9	MIT OR Apache-2.0	registry+https://github.com/rust-lang/crates.io-index
sha2	0.11.0	MIT OR Apache-2.0	registry+https://github.com/rust-lang/crates.io-index
shlex	1.3.0	MIT OR Apache-2.0	registry+https://github.com/rust-lang/crates.io-index
shlex	2.0.1	MIT OR Apache-2.0	registry+https://github.com/rust-lang/crates.io-index
signature	2.2.0	Apache-2.0 OR MIT	registry+https://github.com/rust-lang/crates.io-index
siphasher	1.0.3	MIT/Apache-2.0	registry+https://github.com/rust-lang/crates.io-index
slab	0.4.12	MIT	registry+https://github.com/rust-lang/crates.io-index
smallvec	1.15.1	MIT OR Apache-2.0	registry+https://github.com/rust-lang/crates.io-index
socket2	0.6.3	MIT OR Apache-2.0	registry+https://github.com/rust-lang/crates.io-index
spin	0.9.9	MIT	registry+https://github.com/rust-lang/crates.io-index
spki	0.7.3	Apache-2.0 OR MIT	registry+https://github.com/rust-lang/crates.io-index
sqlx	0.8.6	MIT OR Apache-2.0	registry+https://github.com/rust-lang/crates.io-index
sqlx-core	0.8.6	MIT OR Apache-2.0	registry+https://github.com/rust-lang/crates.io-index
sqlx-macros	0.8.6	MIT OR Apache-2.0	registry+https://github.com/rust-lang/crates.io-index
sqlx-macros-core	0.8.6	MIT OR Apache-2.0	registry+https://github.com/rust-lang/crates.io-index
sqlx-mysql	0.8.6	MIT OR Apache-2.0	registry+https://github.com/rust-lang/crates.io-index
sqlx-postgres	0.8.6	MIT OR Apache-2.0	registry+https://github.com/rust-lang/crates.io-index
sqlx-sqlite	0.8.6	MIT OR Apache-2.0	registry+https://github.com/rust-lang/crates.io-index
stable_deref_trait	1.2.1	MIT OR Apache-2.0	registry+https://github.com/rust-lang/crates.io-index
stringprep	0.1.5	MIT/Apache-2.0	registry+https://github.com/rust-lang/crates.io-index
subtle	2.6.1	BSD-3-Clause	registry+https://github.com/rust-lang/crates.io-index
syn	2.0.117	MIT OR Apache-2.0	registry+https://github.com/rust-lang/crates.io-index
synstructure	0.13.2	MIT	registry+https://github.com/rust-lang/crates.io-index
tempfile	3.27.0	MIT OR Apache-2.0	registry+https://github.com/rust-lang/crates.io-index
thiserror	1.0.69	MIT OR Apache-2.0	registry+https://github.com/rust-lang/crates.io-index
thiserror	2.0.18	MIT OR Apache-2.0	registry+https://github.com/rust-lang/crates.io-index
thiserror-impl	1.0.69	MIT OR Apache-2.0	registry+https://github.com/rust-lang/crates.io-index
thiserror-impl	2.0.18	MIT OR Apache-2.0	registry+https://github.com/rust-lang/crates.io-index
tikv-jemalloc-sys	0.6.1+5.3.0-1-ge13ca993e8ccb9ba9847cc330696e02839f328f7	MIT/Apache-2.0	registry+https://github.com/rust-lang/crates.io-index
tikv-jemallocator	0.6.1	MIT/Apache-2.0	registry+https://github.com/rust-lang/crates.io-index
tinystr	0.8.3	Unicode-3.0	registry+https://github.com/rust-lang/crates.io-index
tinyvec	1.11.0	Zlib OR Apache-2.0 OR MIT	registry+https://github.com/rust-lang/crates.io-index
tinyvec_macros	0.1.1	MIT OR Apache-2.0 OR Zlib	registry+https://github.com/rust-lang/crates.io-index
tokio	1.52.3	MIT	registry+https://github.com/rust-lang/crates.io-index
tokio-macros	2.7.0	MIT	registry+https://github.com/rust-lang/crates.io-index
tokio-postgres	0.7.18	MIT OR Apache-2.0	registry+https://github.com/rust-lang/crates.io-index
tokio-stream	0.1.18	MIT	registry+https://github.com/rust-lang/crates.io-index
tokio-util	0.7.18	MIT	registry+https://github.com/rust-lang/crates.io-index
tracing	0.1.44	MIT	registry+https://github.com/rust-lang/crates.io-index
tracing-attributes	0.1.31	MIT	registry+https://github.com/rust-lang/crates.io-index
tracing-core	0.1.36	MIT	registry+https://github.com/rust-lang/crates.io-index
typenum	1.20.0	MIT OR Apache-2.0	registry+https://github.com/rust-lang/crates.io-index
unicode-bidi	0.3.18	MIT OR Apache-2.0	registry+https://github.com/rust-lang/crates.io-index
unicode-ident	1.0.24	(MIT OR Apache-2.0) AND Unicode-3.0	registry+https://github.com/rust-lang/crates.io-index
unicode-normalization	0.1.25	MIT OR Apache-2.0	registry+https://github.com/rust-lang/crates.io-index
unicode-properties	0.1.4	MIT/Apache-2.0	registry+https://github.com/rust-lang/crates.io-index
unicode-xid	0.2.6	MIT OR Apache-2.0	registry+https://github.com/rust-lang/crates.io-index
untrusted	0.9.0	ISC	registry+https://github.com/rust-lang/crates.io-index
url	2.5.8	MIT OR Apache-2.0	registry+https://github.com/rust-lang/crates.io-index
utf8_iter	1.0.4	Apache-2.0 OR MIT	registry+https://github.com/rust-lang/crates.io-index
uuid	1.24.0	Apache-2.0 OR MIT	registry+https://github.com/rust-lang/crates.io-index
vcpkg	0.2.15	MIT/Apache-2.0	registry+https://github.com/rust-lang/crates.io-index
version_check	0.9.5	MIT/Apache-2.0	registry+https://github.com/rust-lang/crates.io-index
wasi	0.11.1+wasi-snapshot-preview1	Apache-2.0 WITH LLVM-exception OR Apache-2.0 OR MIT	registry+https://github.com/rust-lang/crates.io-index
wasi	0.14.7+wasi-0.2.4	Apache-2.0 WITH LLVM-exception OR Apache-2.0 OR MIT	registry+https://github.com/rust-lang/crates.io-index
wasip2	1.0.3+wasi-0.2.9	Apache-2.0 WITH LLVM-exception OR Apache-2.0 OR MIT	registry+https://github.com/rust-lang/crates.io-index
wasip3	0.4.0+wasi-0.3.0-rc-2026-01-06	Apache-2.0 WITH LLVM-exception OR Apache-2.0 OR MIT	registry+https://github.com/rust-lang/crates.io-index
wasite	0.1.0	Apache-2.0 OR BSL-1.0 OR MIT	registry+https://github.com/rust-lang/crates.io-index
wasite	1.0.2	Apache-2.0 OR BSL-1.0 OR MIT	registry+https://github.com/rust-lang/crates.io-index
wasm-bindgen	0.2.121	MIT OR Apache-2.0	registry+https://github.com/rust-lang/crates.io-index
wasm-bindgen-macro	0.2.121	MIT OR Apache-2.0	registry+https://github.com/rust-lang/crates.io-index
wasm-bindgen-macro-support	0.2.121	MIT OR Apache-2.0	registry+https://github.com/rust-lang/crates.io-index
wasm-bindgen-shared	0.2.121	MIT OR Apache-2.0	registry+https://github.com/rust-lang/crates.io-index
wasm-encoder	0.244.0	Apache-2.0 WITH LLVM-exception OR Apache-2.0 OR MIT	registry+https://github.com/rust-lang/crates.io-index
wasm-metadata	0.244.0	Apache-2.0 WITH LLVM-exception OR Apache-2.0 OR MIT	registry+https://github.com/rust-lang/crates.io-index
wasmparser	0.244.0	Apache-2.0 WITH LLVM-exception OR Apache-2.0 OR MIT	registry+https://github.com/rust-lang/crates.io-index
web-sys	0.3.98	MIT OR Apache-2.0	registry+https://github.com/rust-lang/crates.io-index
which	4.4.2	MIT	registry+https://github.com/rust-lang/crates.io-index
whoami	1.6.1	Apache-2.0 OR BSL-1.0 OR MIT	registry+https://github.com/rust-lang/crates.io-index
whoami	2.1.2	Apache-2.0 OR BSL-1.0 OR MIT	registry+https://github.com/rust-lang/crates.io-index
wide	0.7.33	Zlib OR Apache-2.0 OR MIT	registry+https://github.com/rust-lang/crates.io-index
windows-core	0.62.2	MIT OR Apache-2.0	registry+https://github.com/rust-lang/crates.io-index
windows-implement	0.60.2	MIT OR Apache-2.0	registry+https://github.com/rust-lang/crates.io-index
windows-interface	0.59.3	MIT OR Apache-2.0	registry+https://github.com/rust-lang/crates.io-index
windows-link	0.2.1	MIT OR Apache-2.0	registry+https://github.com/rust-lang/crates.io-index
windows-result	0.4.1	MIT OR Apache-2.0	registry+https://github.com/rust-lang/crates.io-index
windows-strings	0.5.1	MIT OR Apache-2.0	registry+https://github.com/rust-lang/crates.io-index
windows-sys	0.48.0	MIT OR Apache-2.0	registry+https://github.com/rust-lang/crates.io-index
windows-sys	0.52.0	MIT OR Apache-2.0	registry+https://github.com/rust-lang/crates.io-index
windows-sys	0.61.2	MIT OR Apache-2.0	registry+https://github.com/rust-lang/crates.io-index
windows-targets	0.48.5	MIT OR Apache-2.0	registry+https://github.com/rust-lang/crates.io-index
windows-targets	0.52.6	MIT OR Apache-2.0	registry+https://github.com/rust-lang/crates.io-index
windows_aarch64_gnullvm	0.48.5	MIT OR Apache-2.0	registry+https://github.com/rust-lang/crates.io-index
windows_aarch64_gnullvm	0.52.6	MIT OR Apache-2.0	registry+https://github.com/rust-lang/crates.io-index
windows_aarch64_msvc	0.48.5	MIT OR Apache-2.0	registry+https://github.com/rust-lang/crates.io-index
windows_aarch64_msvc	0.52.6	MIT OR Apache-2.0	registry+https://github.com/rust-lang/crates.io-index
windows_i686_gnu	0.48.5	MIT OR Apache-2.0	registry+https://github.com/rust-lang/crates.io-index
windows_i686_gnu	0.52.6	MIT OR Apache-2.0	registry+https://github.com/rust-lang/crates.io-index
windows_i686_gnullvm	0.52.6	MIT OR Apache-2.0	registry+https://github.com/rust-lang/crates.io-index
windows_i686_msvc	0.48.5	MIT OR Apache-2.0	registry+https://github.com/rust-lang/crates.io-index
windows_i686_msvc	0.52.6	MIT OR Apache-2.0	registry+https://github.com/rust-lang/crates.io-index
windows_x86_64_gnu	0.48.5	MIT OR Apache-2.0	registry+https://github.com/rust-lang/crates.io-index
windows_x86_64_gnu	0.52.6	MIT OR Apache-2.0	registry+https://github.com/rust-lang/crates.io-index
windows_x86_64_gnullvm	0.48.5	MIT OR Apache-2.0	registry+https://github.com/rust-lang/crates.io-index
windows_x86_64_gnullvm	0.52.6	MIT OR Apache-2.0	registry+https://github.com/rust-lang/crates.io-index
windows_x86_64_msvc	0.48.5	MIT OR Apache-2.0	registry+https://github.com/rust-lang/crates.io-index
windows_x86_64_msvc	0.52.6	MIT OR Apache-2.0	registry+https://github.com/rust-lang/crates.io-index
wit-bindgen	0.51.0	Apache-2.0 WITH LLVM-exception OR Apache-2.0 OR MIT	registry+https://github.com/rust-lang/crates.io-index
wit-bindgen	0.57.1	Apache-2.0 WITH LLVM-exception OR Apache-2.0 OR MIT	registry+https://github.com/rust-lang/crates.io-index
wit-bindgen-core	0.51.0	Apache-2.0 WITH LLVM-exception OR Apache-2.0 OR MIT	registry+https://github.com/rust-lang/crates.io-index
wit-bindgen-rust	0.51.0	Apache-2.0 WITH LLVM-exception OR Apache-2.0 OR MIT	registry+https://github.com/rust-lang/crates.io-index
wit-bindgen-rust-macro	0.51.0	Apache-2.0 WITH LLVM-exception OR Apache-2.0 OR MIT	registry+https://github.com/rust-lang/crates.io-index
wit-component	0.244.0	Apache-2.0 WITH LLVM-exception OR Apache-2.0 OR MIT	registry+https://github.com/rust-lang/crates.io-index
wit-parser	0.244.0	Apache-2.0 WITH LLVM-exception OR Apache-2.0 OR MIT	registry+https://github.com/rust-lang/crates.io-index
writeable	0.6.3	Unicode-3.0	registry+https://github.com/rust-lang/crates.io-index
yoke	0.8.2	Unicode-3.0	registry+https://github.com/rust-lang/crates.io-index
yoke-derive	0.8.2	Unicode-3.0	registry+https://github.com/rust-lang/crates.io-index
zerocopy	0.8.48	BSD-2-Clause OR Apache-2.0 OR MIT	registry+https://github.com/rust-lang/crates.io-index
zerocopy-derive	0.8.48	BSD-2-Clause OR Apache-2.0 OR MIT	registry+https://github.com/rust-lang/crates.io-index
zerofrom	0.1.8	Unicode-3.0	registry+https://github.com/rust-lang/crates.io-index
zerofrom-derive	0.1.7	Unicode-3.0	registry+https://github.com/rust-lang/crates.io-index
zeroize	1.8.2	Apache-2.0 OR MIT	registry+https://github.com/rust-lang/crates.io-index
zerotrie	0.2.4	Unicode-3.0	registry+https://github.com/rust-lang/crates.io-index
zerovec	0.11.6	Unicode-3.0	registry+https://github.com/rust-lang/crates.io-index
zerovec-derive	0.11.3	Unicode-3.0	registry+https://github.com/rust-lang/crates.io-index
zmij	1.0.21	MIT	registry+https://github.com/rust-lang/crates.io-index
